id,Tap_simon_congruent,betw cen e-icoh delta_POz,betw cen e-plv delta_C3,betw cen e-wpli gamma_P7,betw cen s-lps alpha_LInferiorTemporalGyrus,clust coef e-icoh theta_O1,clust coef e-plv alpha_AF8,clust coef e-plv delta_F2,clust coef e-plv theta_Fp1,dfa exponent theta_CP1,kurtosis ampl alpha_F1,microstate A_Group1_Map1_SegDensity,mod index delta-alpha_F3,node str e-icoh theta_C5,node str e-plv alpha_AF8,node str e-plv delta_F2,node str e-plv theta_Fp1,node str e-wpli alpha_AF8,node str e-wpli theta_CP3
sub-010003,420.0,92,0,34,36,0.0904901109022426,0.240662951838731,0.203213142623435,0.202676375693368,0.84490611657106,2.82283804954793,1.5579,0.0037661120934417,7.89775252783112,15.7658655319762,14.5016325369963,13.2887294806749,3.8911837416909,4.23416056398487
sub-010005,412.0,46,44,6,8,0.0747293441100678,0.255720395560179,0.206082590366899,0.221099361826488,0.661418700726489,3.21124296000182,1.4767,0.003496116364463,5.06362975136432,16.5600067170134,14.7253824796577,14.69027001928,4.61289266870056,2.36886560555878
sub-010010,326.0,2,34,84,0,0.0653935983155025,0.219968633893046,0.20254182035852,0.154037539622171,0.654064755964078,3.08576943535504,1.6162,0.0038640279166829,4.38075894603725,15.1030574650979,14.0349385196999,10.5425112414439,3.2033636226387,1.40065909018503
sub-010016,325.862069,0,10,0,0,0.0491270696457969,0.185191391203191,0.20224826660427,0.164914697949995,0.570139754152359,3.27982859280143,1.7002,0.004156770161849,3.37030114975633,12.6576301873172,14.1561047565731,11.2767036757127,1.28243437902385,0.63748794837867
sub-010017,371.7857143,28,44,10,14,0.0535320368313587,0.233160499741632,0.200359418859884,0.188838458691183,0.562025728141919,2.99012093322886,1.8183,0.0041909328354521,3.60124458620325,15.7771833004323,14.4650545871629,13.1342617345851,3.33704414879718,0.762780707165615
sub-010019,375.0,22,10,12,0,0.0732753005169243,0.213242253661315,0.182935033983063,0.175829875470007,0.657915066193104,2.97020144824602,2.01,0.0037173992024617,4.55066190679534,13.0984271391903,12.9790558275093,11.2155594032379,4.02329992004787,1.59338838703516
sub-010020,527.0,0,88,8,0,0.0689829264121746,0.224954594390379,0.191591034143266,0.175490955046304,0.718662692881195,2.88772340625825,2.085,0.0030747816494928,4.324625881543,14.7893544698541,13.0951730737313,11.304593689305,3.90572350207444,1.01670987673092
sub-010021,392.0,8,106,8,0,0.0706988462786824,0.226277539632395,0.196389023501052,0.166221428316074,0.655854310853502,2.9000769603046,1.3334,0.0038897714560292,4.43192447343163,13.8801704051585,14.0635341128129,10.6024938016439,2.09286377265291,1.9785886328664
sub-010022,313.4482759,18,2,8,0,0.0559520682724489,0.174941181228338,0.168758412414743,0.157213770528171,0.487575106131482,3.00017606961188,1.5826,0.0040782029558042,3.8144026477821,11.7562103825561,11.3782780480282,10.4170721220024,2.58084556029636,0.883568971482285
sub-010023,387.8571429,4,20,0,12,0.0578197263466917,0.191927746513735,0.19969241154374,0.194650459567885,0.599702334960631,3.59657997987382,1.9517,0.0051340165847611,3.89317966275997,13.4115443556245,14.8168494808779,14.1613579414474,2.92649829152483,0.868132864520744
sub-010024,392.1428571,8,18,14,0,0.0724463412231453,0.22504295286374,0.185952607969752,0.172661990767081,0.643681181651456,2.21552266939892,1.157,0.002071591848491,4.18429620393879,14.3223137971319,13.3591951156893,11.8054734789786,2.14802317731959,1.1794338975563
sub-010027,369.3103448,20,4,72,268,0.0865756080108884,0.223851000580873,0.191104453505268,0.180104339639747,0.636803872596157,2.7365689407274,1.2202,0.0030377888444264,3.81675828994711,13.5013689779342,13.4793821763613,12.235016989301,3.44262374482906,1.11694863222691
sub-010028,71.37931034,90,26,0,0,0.0642375964969557,0.21304389529348,0.250711362578258,0.192208912079833,0.482932639597738,3.29992673100081,1.455,0.0050742030684987,5.19644343845841,14.3354308084079,17.1426365019251,13.0444786792726,2.46644165142839,0.531913800435261
sub-010029,448.0,78,0,12,20,0.0828496598126616,0.275945900592982,0.181607173133853,0.192048306321611,0.696164774429342,2.69410259091703,0.58,0.0031948818095174,6.06685399594054,16.8746369260167,12.7905934134949,13.0289594659898,4.10453668728503,3.38751067261922
sub-010030,600.0,0,10,40,0,0.0717628534058348,0.281644316491004,0.200537173160417,0.198697204678611,0.71209403380649,2.60264542993567,1.1939,0.002315759264228,4.29900370785371,18.7504949454585,14.1196928655984,14.0128450497468,4.48720452515088,2.13244657070762
sub-010031,546.8181818,0,18,0,0,0.0616409518050899,0.173848279485789,0.228296464873747,0.161628021760504,0.700330355040286,3.12664574343205,1.9016,0.0039620803703506,4.39927722194274,11.1594116933466,16.0593817651704,10.3412981313195,2.12208892132977,1.22953892284269
sub-010032,433.0,32,10,28,8,0.0554669348655926,0.222115331856633,0.230650198613399,0.159376826796594,0.661743603110563,2.93222356459456,1.6238,0.0036040085688731,4.13355836618397,15.2383450888557,15.5581820804384,10.7969064741793,2.83878277770637,0.863749799839174
sub-010033,429.3103448,28,4,4,0,0.0551985430192668,0.22960601183354,0.200956818223379,0.16045793125942,0.609004961343516,2.90940545187413,1.6807,0.0036038347851572,4.88553880275028,15.0829325293602,14.2688062892865,10.8342317533739,2.70805115266069,0.926519124757445
sub-010034,355.0,0,64,96,48,0.0611971708262858,0.20507607329094,0.207838774210215,0.172608366449454,0.655477073483264,3.13103520985445,1.5905,0.0051437756924698,4.02953698434406,14.2994184448221,13.807938701898,12.0332227112461,0.92696041200543,1.46889028697504
sub-010035,487.5,52,0,12,0,0.0607609553288594,0.279116906559281,0.195861944350734,0.164148111953169,0.550234672673806,2.61523932320649,1.0636,0.0024566864124792,5.19300708910764,18.2603192042238,14.1328403347655,11.0451841521584,4.38437889879293,0.981454602823634
sub-010036,402.0,28,0,4,0,0.0543119576889039,0.195488949342745,0.209369228527519,0.19052784518376,0.546659346940396,3.00538751277711,1.7478,0.0040216344780508,3.38206649521527,13.1883579073942,14.2266859809025,13.5906508782934,1.03653018661188,0.512819224016827
sub-010038,483.3333333,2,16,58,0,0.0801429462334744,0.251153614575618,0.20920712143552,0.191587376460468,0.706602932111716,3.02537849925939,1.2717,0.004280515317302,4.54661252254858,16.2992525861563,14.9812250325486,12.5712615856353,4.12935040702793,1.02041945344763
sub-010040,447.7777778,18,42,0,130,0.0880521910247392,0.266369190304672,0.174075418060337,0.181518039087713,0.800654296860538,2.27312964703892,0.5467,0.0020460774172172,5.97665671296745,17.2197042678308,12.2616931464108,12.3520662914991,4.46068055141495,2.06858669013251
sub-010042,412.0,14,52,44,482,0.0771408579772499,0.209900995012358,0.211559821907085,0.195563085800729,0.609152783139479,3.32048980039601,2.0581,0.0041490014910222,4.44490212584702,14.9002317003232,15.4485519154368,13.8339643765207,2.32754291754289,1.31856924665589
sub-010052,411.4285714,34,24,70,492,0.0550855021912405,0.166563666205406,0.179813046459582,0.147657261477969,0.571697226825614,2.92419985073746,1.7683,0.0036318122845017,2.97508016710125,11.7286166191255,13.0048902663752,10.0219918279494,1.44554909841508,0.684346537994593
sub-010053,397.2413793,10,2,58,0,0.0704166158868013,0.160813185833779,0.172528274648628,0.163968659693934,0.768089018615386,3.26389315881483,1.9079,0.0038574360746378,4.02847128551673,11.0913117775462,12.1440051648331,11.1590657268056,1.85102047533133,1.50252298486718
sub-010056,387.0,162,52,10,0,0.0622819420414764,0.173654205336679,0.214197972835939,0.203541529025507,0.590063730463414,3.11429530719538,2.01,0.0046114256559805,4.19071245450629,11.7950702663364,14.9338666717001,15.0810641764051,1.16083436067481,0.989537209144625
sub-010060,4090.0,382,358,294,1232,0.120640562436258,0.373592257445472,0.277003365460003,0.276400259758267,0.852329935364831,2.28072780161086,0.6213,0.0021406159256931,7.78111396904968,25.2085120339133,19.4035934991891,18.7697671937252,5.18615402280419,6.15908988513017
sub-010061,384.0,24,16,2,0,0.0619257540024337,0.220219303497503,0.184912497487965,0.157719217932451,0.699015502186441,3.06085913999307,1.9132,0.0040487225374449,4.47299122398636,14.8418657130877,13.339967027573,10.6410902930883,1.87643443648116,1.18199725587559
sub-010062,591.6666667,98,0,4,14,0.0882711020923163,0.296840050026733,0.2089368558159,0.196822705829203,0.697579495052483,2.81644051612727,1.6366,0.0034363073578825,4.76490583452958,19.6067751395797,14.7674098637756,12.9394000951996,4.5165735779532,2.27724764258203
sub-010063,398.0,42,0,2,4,0.0609456478255999,0.296653800541341,0.231036878594519,0.191512489296795,0.741069984925005,2.68889400632336,1.0093,0.0031703810703082,3.30679467711127,19.7938779153147,16.4596331108483,13.0022613277056,3.35398926636054,0.590876866983879
sub-010064,523.3333333,56,200,0,920,0.0616473075456153,0.242739207249137,0.252404628040479,0.210854738658702,0.542657045852567,3.0758567550668,1.6815,0.0038679034748877,4.02842355601277,16.5260910307754,17.7508407257121,13.6145213964504,2.17135026629473,0.972694894707489
sub-010065,394.6153846,0,6,10,208,0.100312982665513,0.222096766586668,0.204155563606994,0.180432488901908,0.641236131647431,2.55810695567447,2.0153,0.0026018906030636,5.68701260352176,14.1394415390813,14.3685148369699,11.0365892054002,2.9010941152186,5.62125411338886
sub-010066,365.0,2,4,20,542,0.0925810795173642,0.297649956293863,0.199541200039726,0.252497077240628,0.697131983850398,2.88458896746269,1.8527,0.0039281939917247,4.92937813389699,20.3773875836475,14.1845978061278,18.0327257295988,5.09122956216084,4.25303316322874
sub-010067,325.0,14,14,94,10,0.0614823885781502,0.244589800353305,0.167716361680545,0.18003214843146,0.681307920358401,2.88914837940741,1.3015,0.0036342728725571,3.22980362980159,16.5221750710859,11.7065782153278,12.4327641877588,2.524283634702,1.03368272279396
sub-010068,400.0,12,0,98,0,0.0614656340885791,0.219155541917307,0.182800509346288,0.160970030704157,0.680272170880685,3.03658424940597,1.0499,0.0039353374144215,3.8842225825416,13.6460109336983,12.7028734550815,10.7697011520532,1.33783740808335,0.688698642403965
sub-010069,359.0,0,0,14,0,0.103465888220686,0.210865515660195,0.204345934310132,0.199216920694255,0.876045189001561,2.62042546954615,1.4915,0.0034249987607368,6.15216931418015,13.7348467684772,14.1592751595461,12.8781970407556,2.63345881542159,5.09963861893403
sub-010070,342.8571429,0,64,18,66,0.0692524066875465,0.184916770755147,0.203940391700851,0.153518329695054,0.743927180288188,2.98671143743077,1.8104,0.0035757995111557,4.32304730318546,12.9121027626134,14.0272896564204,9.55883433238223,1.15504514140705,1.24524841840948
sub-010071,252.4137931,6,0,0,142,0.0746058054150987,0.286035047430385,0.212343300099322,0.197333477446337,0.612856685190374,2.52958219725266,1.6655,0.0038567627107103,4.14581492670812,18.0567144703511,14.524158273062,13.1736309941343,7.05983445017013,0.961577332296858
sub-010072,431.0,92,76,0,748,0.0553562370563433,0.260706343763534,0.217556361288434,0.216049483951737,0.559209360340537,2.73379740173988,1.5509,0.0025791946190086,4.76672323292876,17.2998898030268,14.8501575366236,15.3886578642304,7.78999087344966,0.532824282552158
sub-010073,490.0,2,2,4,28,0.0657671879368065,0.22185196509755,0.208532950914322,0.155932776117775,0.623576700874683,3.14214890483898,2.1291,0.0045225389650453,4.58543833983854,15.7463055964403,14.5767913322691,10.2732050454127,3.11262828263582,1.31427577783704
sub-010074,725.7692308,140,0,106,842,0.0659404643440567,0.257751691540847,0.214773959495003,0.219516468693739,0.628491897136613,2.78281002589034,1.3766,0.0031234788186952,4.47979302850854,16.7627308932334,14.8324348774487,15.2827920787567,4.93055139343483,1.31860313102304
sub-010075,444.8275862,2,16,40,8,0.0591807161986331,0.232934915742513,0.198506361367857,0.14627674510516,0.659257480509596,3.07037540938756,1.23,0.0036207381629399,3.88625510410277,14.3703909725204,14.3740883802737,9.31671531559865,4.90515353311906,0.998641499414217
sub-010076,522.2222222,76,118,0,270,0.0766230170097751,0.258278746030368,0.200789995054913,0.221649223853,0.730728525884892,3.1277698531069,2.1737,0.0042071923848661,5.13940611299822,18.4162545571258,14.2566480658919,15.5527984171863,4.59860657911023,1.50367824397156
sub-010079,467.0,4,30,0,2,0.0719590526366404,0.273830625812159,0.188502507321527,0.182311867290278,0.615194103675394,2.92657791698768,1.5705,0.0038569005216608,4.6834270202579,19.4470082065436,13.677650618083,12.9087566448908,5.02608903545693,0.964738531579377
sub-010080,537.0,16,2,0,0,0.0759126715853927,0.307255986506956,0.22091890241427,0.25806000046968,0.936426816406149,2.41070731982347,0.8971,0.0021304603327207,4.37226383502647,20.1741855028957,15.4409605499025,18.1572560245646,6.08746048387778,1.81300422153558
sub-010083,497.0,0,44,2,54,0.0651945391845586,0.215670722075914,0.219260868210726,0.20231497755026,0.641952202911235,2.82252807575275,1.6353,0.0037835920985537,4.41752505094166,14.535755504331,14.7628531198562,13.8764058680322,1.53058624171677,0.831746463147334
sub-010084,332.0,42,52,0,18,0.118992153157382,0.261135507727896,0.197005022369759,0.211706579303116,0.694961613745839,2.75270337969311,1.5803,0.0036917707814041,7.56772260220515,15.5744580653416,13.4241326326561,13.1643487595414,3.04378286585915,3.68125186630935
sub-010094,773.3333333,34,136,14,0,0.0685103012244021,0.206863248141759,0.230428414955237,0.193536510129052,0.710243209359071,3.23026953853525,2.0708,0.0037387278143233,3.58765494461443,13.3547693453885,16.3085514563421,14.6592714648889,4.064597902788,1.02697100923511
sub-010126,322.0,14,0,0,658,0.087810284519934,0.277270631827576,0.182080772106394,0.170304441735826,0.891221024765204,2.52533223634011,1.1618,0.0034433566944019,6.20994255928366,17.8769103162845,12.8587335675218,10.4893472455257,6.23328854622759,4.24225276233754
sub-010134,432.0,66,0,20,0,0.0574435736745561,0.235689913243508,0.196944024515008,0.202595175597685,0.556456220035638,3.03606930776999,1.6414,0.0033882482451783,3.4384264578123,15.9812026976088,13.6412356282881,14.4013760101383,6.13658290107204,0.745838487566784
sub-010136,448.9285714,0,0,10,70,0.072889617108716,0.173616102391307,0.225625367699345,0.161810980497316,0.626450812665074,2.96697961351432,2.0691,0.0032784324718567,4.08659289787651,11.0978510083142,15.139987781359,10.5708256790927,1.68053601897069,2.07657780407466
sub-010137,511.0,102,58,60,0,0.0741138498624692,0.281045828334134,0.224785535494416,0.229149323791057,0.778688217802199,2.35263244948183,1.2152,0.0031459802994575,4.79796616562471,17.9290839405642,15.9452125327799,15.2914586261422,4.05448918328417,2.15499820734185
sub-010138,397.0,8,38,52,0,0.063886040839455,0.231607929300666,0.176120244268602,0.176504596562715,0.643564202076692,3.34096264777443,1.6933,0.0045744143463764,3.98383921976246,14.9246363803841,12.8244226412765,12.2971017377284,3.85167752008478,0.851287745495722
sub-010141,386.0,24,12,22,0,0.0569350609235736,0.177490714159314,0.175908184201579,0.145522022160105,0.572405800801476,2.9617286276285,1.9733,0.0038534818802833,3.75385464726423,11.7756540077018,12.2422829336696,9.71016308449564,1.60237723325662,0.819405665707993
sub-010142,371.0,4,0,180,0,0.069791782813374,0.220477019135245,0.225983989362856,0.15958992702112,0.561979168924179,3.29301790268711,1.438,0.0043781970775953,3.70333951614043,14.3458902068003,15.1127201493446,9.95911425376461,1.24311603531875,1.25592698617064
sub-010150,365.0,8,10,0,190,0.0596324404502713,0.20873186103023,0.190874350403552,0.171663046492529,0.556021153752042,2.99982440309757,1.607,0.0042488807354568,3.68110803649856,14.4141719236223,14.3736529217331,12.2970723507528,2.87351356815893,0.699346271982365
sub-010155,482.0689655,48,58,8,32,0.0597212661955685,0.216160806859228,0.17385341460979,0.177338612642942,0.730041521990119,2.86399825962946,1.1537,0.0038005031247493,4.10261419581126,13.2846801936605,12.719347077733,12.2091593269351,1.98963953935021,1.34553846374317
sub-010157,383.7931034,8,0,2,78,0.0619369243846924,0.243182649699733,0.195697631084051,0.151276049659071,0.713938262345763,2.87407111591277,0.8111,0.0028582276815736,4.28954589700383,16.6248022754472,14.3792545899363,9.53446281544752,2.52749183609998,1.12542620104538
sub-010162,456.2068966,86,0,0,40,0.0737196545101704,0.232426848578857,0.175405341750291,0.17144109822326,0.776703762608331,2.70281419487906,1.5903,0.0027190465329167,4.20511147189649,15.5941867151877,12.5413096735116,11.5456557594297,2.31473703507442,1.82131529965884
sub-010163,603.1034483,8,28,2,2,0.0608910237332442,0.25016265819015,0.218375096553495,0.1867401089569,0.756549265266786,2.80352164789189,1.8766,0.0032146946773744,3.56523256310654,17.2205115265131,14.7668687695161,12.5823478891415,3.27360571024016,0.982058637459839
sub-010164,430.0,8,10,12,78,0.0616299958688952,0.187676884313707,0.211031690216504,0.158506388228699,0.776185744000735,3.36961807342154,1.3241,0.0040828453981218,3.96651387847686,12.3894677609878,14.4944167094769,10.7549151795592,1.81922322052313,0.882150540586632
sub-010165,530.3571429,100,46,0,1106,0.0919402302797717,0.240697046931113,0.168611422189422,0.166623165818133,0.720973377077565,3.08981021490523,1.7197,0.0037325597416704,5.06037714299232,16.6556188869129,12.2601823270005,10.9861801792613,4.01115352204817,2.09376556887115
sub-010166,476.0,0,106,88,0,0.0620160199323766,0.236416981865117,0.233624858921564,0.235912201860247,0.630040507909712,3.30315632535558,1.9277,0.0035351032186684,4.65745525344215,16.4632698999843,16.1504876700557,16.5233540797529,1.82479535780084,0.801557520874656
sub-010168,414.8275862,6,44,6,0,0.0585574449637594,0.222293803927779,0.203439850275136,0.202970204161314,0.654773873890748,3.13228605405542,1.56,0.0036338969331401,4.12717307321544,14.3899538988258,14.5286322298372,14.0830733443565,5.57605095124273,1.62874975006135
sub-010170,405.0,2,24,14,0,0.0688124959726105,0.20659298274022,0.174095791420421,0.171811467676787,0.67366963008775,3.18426377040389,1.6278,0.0040104682558313,4.23996279209972,14.1882126353288,12.8456679192834,11.8608651275025,1.81111820440548,1.79881382279727
sub-010176,362.0,32,40,2,4,0.0567172123865748,0.233298054344044,0.176221180407539,0.159434387266562,0.651333853960908,3.12504514202683,1.5583,0.0036213410084625,3.96517353815323,15.8693705949507,12.6735481799726,10.9432767028439,2.77726079894379,1.85698184739051
sub-010183,436.0714286,12,4,8,0,0.0537590246378173,0.181110377719823,0.205272747782771,0.145165522256053,0.701746506320399,3.31730347384115,1.8654,0.0042492181924005,3.17514378754397,11.1143083012867,14.6692805918123,10.0235043926015,1.43926055428565,0.870007759012243
sub-010191,386.0,4,30,4,0,0.066951190563534,0.238668947004561,0.179539070021894,0.168687290147177,0.715197038392117,2.61646843909889,1.0083,0.0031371095254413,4.78452304695857,13.7809889077909,12.7450241973907,11.0098913880577,4.8774284220278,1.87417242241856
sub-010192,323.0,2,18,0,0,0.0707193346820228,0.201300689448449,0.19202841954991,0.177353982548914,0.63955525405125,2.84324526494904,1.8655,0.0035654251011418,4.19600840268508,13.3279222475267,13.9414561966801,12.2055652102003,1.34754313460346,2.04226983722814
sub-010194,413.0,4,28,24,0,0.0525900879472661,0.219567004868347,0.176144944280158,0.163524197874517,0.557725455988468,2.74978288620426,1.4389,0.0027332378810515,3.30155072692813,14.0298209307632,12.7504571861907,10.9232574773596,2.15098089865432,1.00329273340371
sub-010195,388.0,18,62,16,0,0.0578803503584222,0.184535196207723,0.191366938075613,0.159442322591651,0.541526112364722,2.84164693086063,2.0802,0.0033608280692232,3.09127049104335,12.5537105641411,13.6137141754922,10.4648012844306,1.41465610066294,0.596347543933595
sub-010196,372.0,0,14,12,0,0.0528089216175603,0.210274350226163,0.182043367804705,0.186029399093213,0.607203482783511,3.2504616363551,1.6027,0.00469324144931,3.41950408088844,13.703838559595,13.1797684603152,12.8782515858113,1.61737407779322,0.592971931698068
sub-010197,411.7241379,10,48,70,56,0.0574033088888843,0.166824050525952,0.192903545625777,0.174803923847865,0.655411608529649,2.8352732533897,1.8415,0.0036026034632376,3.92981397042086,12.2974059470282,13.9800197534707,12.0368657686692,0.955457672057398,1.81039364590377
sub-010200,348.0,6,4,0,0,0.0626881502782135,0.253804948543058,0.178799078328036,0.194261163764323,0.719985726198775,2.39498532910862,0.6746,0.0024923011345828,4.11739459306204,15.7647643441263,12.637188838649,13.9222856650059,3.71814099167127,1.28465873093589
sub-010201,359.0,12,6,8,0,0.0641218645207156,0.174406135469206,0.181492874521982,0.143927716228399,0.572021028696227,2.97560614052692,2.2786,0.0042645052168887,4.10557498380664,11.8446230704729,12.0995438917779,9.390463786501,1.59317930404248,0.766218740249526
sub-010202,466.6666667,22,0,60,8,0.0504909024353057,0.192256896410003,0.196362565986037,0.189366847026599,0.478718772966889,2.98330366869899,1.3505,0.0042776757422205,3.46231568689245,12.7877154776114,13.882698622616,12.9553962650232,1.13217041076775,0.669932189403255
sub-010204,335.0,4,30,108,2,0.0662490077083864,0.204109202567971,0.205252715681309,0.141356437473275,0.619355989431965,3.41441519591866,1.329,0.0038335743874382,3.94626405597831,13.3628324901679,15.2853760160935,8.85704324033108,2.49297754627832,1.09260733667564
sub-010207,322.0,0,6,30,0,0.0577829732354919,0.169201813642754,0.202001831473864,0.15264832011667,0.669139413636524,3.00009734517454,1.7617,0.0035185053535786,3.56666876241461,11.3521300435094,14.8464372700659,9.7909737504873,1.06919046870354,0.585787761732281
sub-010210,415.0,10,4,18,4,0.0527302264363132,0.211745251558491,0.186318119441364,0.186361456805029,0.555528249739228,3.17698339688173,1.68,0.0030981568121578,3.41425164693639,13.3746362628406,13.2401331184323,13.4548231447697,5.37490360167703,0.763394419689884
sub-010213,410.3571429,18,88,38,0,0.0793374731790699,0.202889544927166,0.185325043319734,0.170556489066698,0.63790485453513,2.84287449975567,1.15,0.0037561072359315,4.14068749558611,13.2694855395898,13.6173142974095,11.7037011792716,1.73453521595646,1.32221127236796
sub-010214,372.0,12,54,28,0,0.0648028968922908,0.166029342811173,0.201675846523656,0.156182326794264,0.586915902671901,3.1062104469983,1.9417,0.0039653450542902,3.65390656048931,11.2339467717151,14.1761458951514,10.2944195195765,1.18192644636718,1.45302204768969
sub-010215,450.0,4,4,48,2,0.0630984545782834,0.180093861370925,0.183891548581777,0.137608368793326,0.585707790148909,3.36664704376422,1.9096,0.0057669217488386,3.75395170955478,12.0722231214708,12.775539826158,9.20359151177618,1.25257045084262,1.21834602048353
sub-010218,502.7586207,6,16,160,0,0.0979456252033062,0.270945777566164,0.190722189702783,0.174436184672519,0.718305436192435,2.8841030414898,1.25,0.0044643431080957,6.21701477164779,17.7876387893235,14.0018394486822,11.3336858705113,3.23791910609031,2.63534470318783
sub-010220,400.3448276,2,0,8,108,0.109309737374164,0.227807215514601,0.227106420297174,0.249600860385925,0.714234389303795,2.7493540101277,1.4881,0.0030637509925794,6.81397647898528,13.4091954377865,15.485831323433,17.1314122394652,3.82655134655928,4.36297795323146
sub-010224,414.0,0,6,10,26,0.0626218965136069,0.181242885786664,0.209011327042779,0.170669119945925,0.617939774305598,2.90072056765159,1.7417,0.0041588968625174,3.26185054129723,13.0574384033909,14.7568657724601,11.3938773140334,0.677305775023378,0.700721014676034
sub-010226,432.4137931,4,38,0,0,0.0540872463867169,0.226735574914592,0.232886067095085,0.144187563253188,0.492005030999236,3.1691697367208,1.1604,0.0042367956611887,3.47603666695521,14.9201123618847,15.3163437806901,9.89589390762193,3.45500345499344,1.08242123424767
sub-010227,362.0,4,0,4,0,0.0737107399520079,0.215791189976706,0.196079370744357,0.167857792300102,0.702147573983518,3.2286487168409,1.665,0.0037093126954795,4.72299850912373,13.9605903278356,13.343320329895,11.3689411172925,1.94751774363574,1.78064445806622
sub-010228,482.0689655,8,38,62,182,0.0567278629617936,0.170265075650718,0.213294092039436,0.165139843952925,0.497798248249478,2.83940149402213,1.8173,0.0036075502585777,4.0450035453885,11.8944827794325,14.4316487083958,11.0440798570277,1.09683741269714,1.46466527200656
sub-010229,355.0,2,30,0,238,0.0805720436133193,0.304503447973506,0.191559824121118,0.209038554080335,0.75709540921678,2.61374195620044,1.2617,0.0028043749182972,4.81960196297623,19.6196052153032,12.9648714828033,13.0791128494104,7.14244866459046,2.25951723300143
sub-010230,402.0,40,2,30,0,0.0630294408832486,0.284327195419486,0.168491815011023,0.169520658409404,0.728916972277713,2.91341489035642,1.54,0.0042588194172314,4.40023663321373,17.8020960241746,12.5196441765676,11.8131563339363,7.07402274472909,1.06755165181372
sub-010231,365.0,28,64,80,0,0.0561514183912417,0.180781846123471,0.176728447272402,0.144765781021565,0.498533723808888,3.08610873320434,1.5253,0.003709321637967,3.59710346342377,12.0912156372115,12.9455970304258,9.8341230086443,1.62256283853286,0.733485432575041
sub-010232,331.1111111,4,8,12,44,0.059734182452663,0.160084895273209,0.177141348565127,0.142603292132351,0.585473607010493,3.35362208933348,1.6022,0.0041693389905284,3.58706621850594,10.7944757433866,12.3488749197339,9.18700576244354,3.01093672636137,0.940344706213355
sub-010233,424.0,24,42,0,0,0.0613748094027175,0.241941787176958,0.213420223165691,0.153534069052823,0.574751430985264,2.9045617603288,1.1933,0.0027136452678012,3.70626020112343,15.2902688007101,14.4871607610466,9.76886324548953,4.21088230461867,0.939945415046745
sub-010236,411.0,2,2,64,2,0.058225757955406,0.259489256098391,0.195350123799529,0.184731252642219,0.657319886029591,2.93096294462152,1.6974,0.0034199492698024,4.07697012157044,16.4371924705874,14.0022510587786,12.6020876785936,4.37924438824893,1.38658779814921
sub-010238,483.2142857,20,32,0,0,0.074915683113093,0.246957021987169,0.191466430345202,0.17467193203941,0.640304937420337,2.73762302430949,0.9938,0.003486860476654,4.07247632574547,15.5279656689102,14.4728673127642,11.7289246837329,5.70958935419708,0.798113722504573
sub-010240,404.0,132,6,14,0,0.0575814241135315,0.20490948518081,0.181107422633342,0.156541597980919,0.648821988800679,3.17967155319519,1.6367,0.0038687650712867,3.93258999368631,13.6649877549941,12.8933877649234,10.4122986710996,5.42837203340862,1.48932914464083
sub-010241,341.0,0,2,16,36,0.0553023116588051,0.191876846320781,0.197353681782161,0.149277337343374,0.593986581790633,2.97261446447996,2.234,0.0040723141302584,4.10256857843604,13.9057889080196,14.115021096687,9.74185305378156,0.758520900100534,0.927023689436163
sub-010252,439.0,6,12,10,108,0.066365743552037,0.206999319647625,0.165111073992455,0.142511698926127,0.74502438753982,2.96370441644196,1.6241,0.0034364854661258,4.56509216923608,13.6242469113732,11.6986102842465,9.46655166113458,2.33503912111308,1.51602994329267
sub-010256,424.0,34,0,86,240,0.0629452022270618,0.219176492415469,0.243469351237683,0.17995580110019,0.558804625461154,3.14174467483163,1.55,0.0038141838119472,4.42844479818546,14.8373245344361,16.462402415905,12.0441747924115,2.61690249780216,1.51489262571159
sub-010260,520.3448276,90,16,14,22,0.0553489494393,0.223468800436465,0.194811443493943,0.175772473381823,0.605262330104729,3.24165004718194,1.411,0.004448038629496,3.93327480567807,14.241948740844,13.7186144241108,12.1615678489911,2.27348823125707,1.08130867495638
sub-010261,398.0,0,4,4,52,0.056338797972415,0.199743136796595,0.252422748943342,0.178590942339643,0.61417254874911,3.16299243877674,2.3496,0.0041248164159395,4.32531757618446,13.3875317261787,17.9060818205184,11.9442434863049,2.20866779172742,0.651489870599695
sub-010262,443.0,38,56,10,0,0.0688210210755349,0.211936292521099,0.203496245287751,0.162530394543551,0.714424032319492,2.59952480745077,1.5929,0.0027378667732539,4.45749824182145,13.9263279866823,14.4758426949327,10.5043600341662,1.52822819576138,1.4818163790625
sub-010263,707.3076923,46,0,128,4,0.076443660249883,0.208905137730605,0.215650170524301,0.153840192434324,0.755924806046741,2.29464315066176,0.8762,0.0024042428283674,5.19755165781226,13.6935328195742,15.5446450968358,9.62470218294067,1.57308670592742,2.88579211204772
sub-010264,404.0,20,14,178,0,0.0609877618577574,0.202499823243188,0.255139137930312,0.165523166023688,0.5627507921313,3.03741809986709,1.695,0.0035148189878412,3.91061439078682,12.8760375277663,17.3837043493131,11.0030438468818,2.88728755421395,1.45320075964119
sub-010265,316.0,58,2,6,40,0.0663723376593056,0.23267865566594,0.196495862517802,0.146923389136532,0.530271008101913,3.03979180842335,2.1691,0.0036816100633762,4.65892563975138,14.7623134231033,13.7898433781789,9.36674398456273,3.95901065676111,0.886666634325221
sub-010266,373.0,50,12,142,0,0.0681610194645964,0.175331897819729,0.191133909438565,0.162540940377781,0.55512461399039,3.57408002252701,1.4929,0.0045450631749615,3.74038812946991,11.5668480905223,13.4516470564897,11.2266053790651,1.28412342472902,1.60213329525018
sub-010269,367.0,4,2,0,10,0.0582478240327798,0.209017223005264,0.201605832211848,0.167023321641298,0.627667708321284,3.05199546659371,1.7483,0.0042294839967353,4.3004075979595,14.2459925844758,14.1067818923227,11.9691234917183,2.0742208309219,1.01943152955286
sub-010270,347.0,16,30,0,334,0.0662309800492266,0.178850806029962,0.178771295380582,0.168708291244798,0.702589308968655,3.42500892892762,1.8051,0.0043737066351587,4.70539784951642,11.7634289941564,12.996607859246,11.4802776540186,1.91860273841158,0.780663938934998
sub-010271,429.0,4,22,0,0,0.0622235177906855,0.288352262837595,0.315506932219521,0.292855707964577,0.780338614413935,3.18429218538139,0.0871,0.0041260697193519,4.01104967426013,18.5050547027868,21.366398655037,19.5472884016266,1.70025924846959,1.66268994740833
sub-010273,495.5172414,0,184,30,0,0.0537302646546955,0.278075730392618,0.253551144997874,0.188150826991742,0.71246615844537,2.72773161828355,1.5763,0.003247150156645,4.51965302238331,17.9265262323216,17.4015286890141,12.7985116563134,8.01015197772869,0.805968647321879
sub-010274,457.0,8,2,24,0,0.0602147106064995,0.208879352767662,0.200482401369787,0.162095832699852,0.694062214743244,3.11809588901638,1.5812,0.0037081701449341,3.9296979776814,13.8341569474252,14.5151687630975,10.21595840828,2.29181799039712,1.64320584782781
sub-010292,465.5172414,26,14,6,172,0.0637999433971237,0.190169788409598,0.218671638595968,0.184397704835592,0.604008939097234,2.94765688822586,1.9046,0.0037832853859913,4.11537680761558,12.7644217768082,16.0401347999527,12.645633141387,1.45318785975305,1.33784691228376
sub-010294,451.0344828,52,130,0,72,0.0714397436154073,0.271856057368802,0.188444193715019,0.21256538182993,0.761762655610275,2.96564327221048,1.3083,0.0041790050385353,4.34963604781647,17.9865490476053,13.8333156248859,14.6673977148684,3.63413158831755,1.31128211600024
sub-010295,461.1111111,84,2,12,2,0.0643915745203123,0.238345071598744,0.206297811848737,0.176389535422356,0.759578818014499,2.79078889003943,1.6983,0.0036178237680396,4.13680532276924,16.7257933996022,14.4788766835984,12.00433905111,2.68498841017293,1.06794722214309
sub-010296,379.6551724,12,32,34,264,0.0589340993470838,0.199453711115843,0.175015009372619,0.157897679980197,0.666130391816729,3.12475023002166,1.8417,0.0037476521534086,3.38687749733768,12.6075256235324,12.4054076719034,10.9586357689973,2.47841094689178,0.884992459761389
sub-010297,544.137931,12,24,10,240,0.064795692797425,0.184540849141276,0.184963394077971,0.178692802708827,0.740712546743417,2.98828646223371,1.9683,0.003700399939286,3.75190276004672,11.8379380159306,13.4534744556202,12.937328824375,2.08424232871423,1.1846749157815
sub-010298,431.0,6,32,14,0,0.0617342824706977,0.183997294784228,0.208722863920139,0.191037714064948,0.646053225132518,3.05699283805649,1.8843,0.0036803589789292,4.02324216226886,12.8108191290759,13.8655761271081,13.9348218268121,1.82356375376865,0.706478011083413
sub-010299,375.0,54,4,6,374,0.0803558917338612,0.257091195712765,0.172480438667676,0.175000808215306,0.842375874564473,3.00749657219578,1.5306,0.0041784882741639,5.30923075135092,15.7140556166857,11.6689380167332,11.0655452906958,5.13416089081301,3.58962491339709
sub-010300,495.5172414,12,0,32,16,0.0677681909463634,0.248599115337976,0.200005402816973,0.162744388373642,0.790425617827908,3.01009526411374,1.9727,0.0039200282296227,4.06289860659943,16.7980251128847,14.3166455307487,10.2221247474974,5.33655353055093,1.1797483895875
sub-010301,458.8888889,54,6,14,0,0.0641973708978182,0.274978535237293,0.166387901010199,0.172697420845095,0.68568896954578,2.47353230519544,1.085,0.0032289907855044,3.7302758352873,17.6400520417118,11.5477904436128,11.0252542755616,2.23627104177741,1.50402417388015
sub-010302,329.0,0,54,4,0,0.0638466237861002,0.192610715309332,0.228562661863662,0.181579591156468,0.624236736758178,2.99818611051902,1.3875,0.0039239021973826,4.23206914315495,12.0975723017091,16.5326206698311,12.6123257507551,1.59074094991229,0.728332069143154
sub-010303,364.0,192,4,52,0,0.0599475719443897,0.184691202257939,0.200437630467217,0.177388239932441,0.588871069077707,2.93101041622759,1.8542,0.0034434650850804,4.17154805343288,12.476787773838,13.8435429749567,12.1214899747244,1.699904224547,1.09885535433384
sub-010304,333.0,10,50,38,0,0.12900731647909,0.276492847709694,0.179822987918729,0.182323216690372,0.735717965001404,2.62505952019484,1.2603,0.0040113303498347,4.23964884281491,17.0638949264171,13.0844950234122,10.7432424155215,5.64131135554287,4.62101347218389
sub-010305,345.0,44,24,0,0,0.0724725474393357,0.189592556049641,0.178326749676659,0.164228280371455,0.74740799430611,2.80182629590456,1.4872,0.0031459990135458,3.84629971128502,12.1901486295602,12.8558997164387,11.6389176269273,4.14659792848698,1.37894383538502
sub-010306,393.0,198,22,26,0,0.0703010806589686,0.209598544016001,0.197141253207557,0.169072271172715,0.739574048800474,2.97169381920055,1.5029,0.0036338780631898,4.87057645591096,13.8840925598187,13.8624004481701,10.634230551898,2.26085738488017,1.59280750707704
sub-010307,379.0,0,210,0,10,0.0628576499845725,0.18744444430385,0.273460006533854,0.179321351362932,0.753286330772495,3.35249363471955,1.3968,0.0041135075909853,4.28566561790742,11.8312908005226,18.9737669817348,11.6671182842287,1.07327700462828,0.557308051218024
sub-010308,358.0,14,46,14,78,0.0689759842572232,0.170136376090964,0.206190286205403,0.146706452101897,0.648518376013331,3.22699942569225,1.83,0.0040900584303127,4.31960087201965,12.0479892346637,14.9160620085858,9.07999958951996,1.50046920104748,1.36454164318008
sub-010309,452.0,156,136,10,48,0.0608495217734027,0.272556828107068,0.224064901867157,0.160826668659354,0.718088627815106,2.47553278649351,0.6883,0.0021692734069345,4.21740931309577,17.0937193999009,15.28089396225,10.4954837310418,3.13407661568415,1.57157602571026
sub-010310,347.0,24,68,2,0,0.0666517669067833,0.233525164627701,0.235075642794577,0.171214477240152,0.578549701886782,3.09158786110974,1.9943,0.003866751408651,4.98764916375059,15.0437680333706,16.4789315109336,11.2872848110328,2.59821031475245,1.59351451662664
sub-010311,574.0,10,2,74,0,0.0603474909159452,0.208703008675086,0.17770324670028,0.158415067125551,0.599327253542421,2.73175835079291,1.4537,0.0036414385936976,3.23678522628395,13.2462877688875,12.7750825886925,10.8221691233537,3.5824408029821,0.790584013501288
sub-010314,654.0,22,2,40,1260,0.0827255861713399,0.285732257921125,0.209506429907314,0.203494019841351,0.59025862907895,3.87214719286167,1.4102,0.0056859160099182,6.66410356975486,18.6874807327819,14.5603244560607,14.3946438812749,7.0518444465651,2.25731416058451
sub-010315,338.0,16,8,0,6,0.0564727438086261,0.197399760335993,0.186875565660409,0.146564810222824,0.55482718441846,3.08748138536902,1.7985,0.0034046185409821,3.96965514911044,12.9852257509018,13.0879758884406,9.95894800882668,2.65295633797343,0.819660855510417
sub-010316,499.2857143,20,26,78,0,0.0571698681879701,0.279287511796802,0.209767009172314,0.162639709637223,0.57825820829112,3.04962645529242,0.9885,0.0037372593391158,5.09911884196983,17.8357605481134,14.3357872464046,10.0361634235369,7.955903152441,1.65360559783808
sub-010317,349.6551724,20,22,68,206,0.0612040169097496,0.21090831453573,0.214846178138767,0.182135757204062,0.590373873607605,3.13392164268555,1.716,0.0038535101921807,3.8057928427014,13.6090249160095,15.5328224785159,12.5286311480522,4.02538922823231,0.528578575619784
sub-010318,409.6551724,18,0,6,26,0.0569712632274877,0.219229242353919,0.21423353131659,0.150750841329649,0.684682623098746,3.3226547067911,1.3452,0.0045568561025471,3.50910548556489,14.9905250106298,14.6975863167139,9.9741295274524,4.16791423436246,0.820004475419649
sub-010319,375.5172414,22,2,26,0,0.0658661652644855,0.234265426713298,0.174713808077882,0.146610692988659,0.683035476123024,2.94706647945246,1.7003,0.0036074593985017,4.26290409522439,15.8564784411069,12.4526262555909,9.61571736891361,1.49979840572051,1.99116186544445
sub-010321,562.7586207,8,56,120,6,0.0797186634144132,0.294744595693792,0.209202521316632,0.184460511446269,0.899679635700294,2.51976730887945,0.8718,0.0028508911923862,6.05467077865818,18.7484828469487,14.8155154204379,12.1398651178639,6.82784014936734,3.31710830182736
